{"Trainer/where": 0.029984709480122326, "Trainer/epoch": 2, "Trainer/steps_train": 1971}
{"Trainer/where": 0.039984709480122324, "Trainer/epoch": 3, "Trainer/steps_train": 2625}
{"Trainer/where": 0.049984709480122326, "Trainer/epoch": 4, "Trainer/steps_train": 3279}
{"Trainer/where": 0.05998470948012233, "Trainer/epoch": 5, "Trainer/steps_train": 3933}
{"Trainer/where": 0.06998470948012232, "Trainer/epoch": 6, "Trainer/steps_train": 4587}
{"Trainer/where": 0.07998470948012232, "Trainer/epoch": 7, "Trainer/steps_train": 5241}
{"Trainer/where": 0.08998470948012233, "Trainer/epoch": 8, "Trainer/steps_train": 5895}
{"Trainer/where": 0.09998470948012234, "Trainer/epoch": 9, "Trainer/steps_train": 6549}
{"Trainer/where": 0.11998470948012234, "Trainer/epoch": 11, "Trainer/steps_train": 7857}
{"Trainer/where": 0.12998470948012233, "Trainer/epoch": 12, "Trainer/steps_train": 8511}
{"Trainer/where": 0.13998470948012234, "Trainer/epoch": 13, "Trainer/steps_train": 9165}
{"Trainer/where": 0.14998470948012232, "Trainer/epoch": 14, "Trainer/steps_train": 9819}
{"Trainer/where": 0.15998470948012233, "Trainer/epoch": 15, "Trainer/steps_train": 10473}
{"Trainer/where": 0.16998470948012234, "Trainer/epoch": 16, "Trainer/steps_train": 11127}
{"Trainer/where": 0.17998470948012232, "Trainer/epoch": 17, "Trainer/steps_train": 11781}
{"Trainer/where": 0.18998470948012233, "Trainer/epoch": 18, "Trainer/steps_train": 12435}
{"Trainer/where": 0.19998470948012234, "Trainer/epoch": 19, "Trainer/steps_train": 13089}
{"Trainer/where": 0.20998470948012232, "Trainer/epoch": 20, "Trainer/steps_train": 13743}
{"Trainer/where": 0.21998470948012233, "Trainer/epoch": 21, "Trainer/steps_train": 14397}
