{"Losses/train_all_loss": 4.930399108616295, "Losses/train_val_loss": 0, "Losses/train_all_loss_mask": 0.04986363965989867, "Losses/train_all_loss_dice": 3.2121837635385506, "Losses/train_all_loss_iou": 0.7173631296892912, "Losses/train_all_loss_class": 0.0035794544154002985, "Losses/train_all_core_loss": 4.930399108616295, "Trainer/where": 0.009984917043740573, "Trainer/epoch": 0, "Trainer/steps_train": 663}
{"Losses/train_all_loss": 3.2998127120715033, "Losses/train_val_loss": 0, "Losses/train_all_loss_mask": 0.028355341359107136, "Losses/train_all_loss_dice": 2.2039676379720006, "Losses/train_all_loss_iou": 0.5281355730528496, "Losses/train_all_loss_class": 0.0006026691004094653, "Losses/train_all_core_loss": 3.2998127120715033, "Trainer/where": 0.019984709480122324, "Trainer/epoch": 1, "Trainer/steps_train": 1317}
{"Losses/train_all_loss": 3.04137111366342, "Losses/train_val_loss": 0, "Losses/train_all_loss_mask": 0.026286288859487857, "Losses/train_all_loss_dice": 2.0232502635830403, "Losses/train_all_loss_iou": 0.49175970620882986, "Losses/train_all_loss_class": 0.0006353575627173356, "Losses/train_all_core_loss": 3.04137111366342, "Trainer/where": 0.029984709480122326, "Trainer/epoch": 2, "Trainer/steps_train": 1971}
{"Losses/train_all_loss": 2.884524321337359, "Losses/train_val_loss": 0, "Losses/train_all_loss_mask": 0.025023937854767756, "Losses/train_all_loss_dice": 1.9189205413929185, "Losses/train_all_loss_iou": 0.4643554338894853, "Losses/train_all_loss_class": 0.0007695889320240106, "Losses/train_all_core_loss": 2.884524321337359, "Trainer/where": 0.039984709480122324, "Trainer/epoch": 3, "Trainer/steps_train": 2625}
{"Losses/train_all_loss": 2.7447675663396853, "Losses/train_val_loss": 0, "Losses/train_all_loss_mask": 0.023809158362858338, "Losses/train_all_loss_dice": 1.828869899113973, "Losses/train_all_loss_iou": 0.4397096311280487, "Losses/train_all_loss_class": 4.876883735427928e-06, "Losses/train_all_core_loss": 2.7447675663396853, "Trainer/where": 0.049984709480122326, "Trainer/epoch": 4, "Trainer/steps_train": 3279}
{"Losses/train_all_loss": 2.65509460752528, "Losses/train_val_loss": 0, "Losses/train_all_loss_mask": 0.023138276198793443, "Losses/train_all_loss_dice": 1.7675682510440138, "Losses/train_all_loss_iou": 0.4242996115476713, "Losses/train_all_loss_class": 0.0004612261671521378, "Losses/train_all_core_loss": 2.65509460752528, "Trainer/where": 0.05998470948012233, "Trainer/epoch": 5, "Trainer/steps_train": 3933}
{"Losses/train_all_loss": 2.578674600029575, "Losses/train_val_loss": 0, "Losses/train_all_loss_mask": 0.022455037352187554, "Losses/train_all_loss_dice": 1.715070791929869, "Losses/train_all_loss_iou": 0.4143973392539797, "Losses/train_all_loss_class": 0.00010572451775613584, "Losses/train_all_core_loss": 2.578674600029575, "Trainer/where": 0.06998470948012232, "Trainer/epoch": 6, "Trainer/steps_train": 4587}
{"Losses/train_all_loss": 2.5178642360442276, "Losses/train_val_loss": 0, "Losses/train_all_loss_mask": 0.021925816701195384, "Losses/train_all_loss_dice": 1.6745911648878629, "Losses/train_all_loss_iou": 0.4047553054418768, "Losses/train_all_loss_class": 1.4392274249154144e-06, "Losses/train_all_core_loss": 2.5178642360442276, "Trainer/where": 0.07998470948012232, "Trainer/epoch": 7, "Trainer/steps_train": 5241}
{"Losses/train_all_loss": 2.4615118295774545, "Losses/train_val_loss": 0, "Losses/train_all_loss_mask": 0.021643703057222775, "Losses/train_all_loss_dice": 1.6367369469152677, "Losses/train_all_loss_iou": 0.39149234833520485, "Losses/train_all_loss_class": 0.00040847872038779026, "Losses/train_all_core_loss": 2.4615118295774545, "Trainer/where": 0.08998470948012233, "Trainer/epoch": 8, "Trainer/steps_train": 5895}
{"Losses/train_all_loss": 2.4189669808845635, "Losses/train_val_loss": 0, "Losses/train_all_loss_mask": 0.020971392483567244, "Losses/train_all_loss_dice": 1.6123833428464533, "Losses/train_all_loss_iou": 0.38627096395426935, "Losses/train_all_loss_class": 0.0008848423141416573, "Losses/train_all_core_loss": 2.4189669808845635, "Trainer/where": 0.09998470948012234, "Trainer/epoch": 9, "Trainer/steps_train": 6549}
{"Losses/train_all_loss": 2.3766062773695777, "Losses/train_val_loss": 0, "Losses/train_all_loss_mask": 0.02072340669964842, "Losses/train_all_loss_dice": 1.5817640119371794, "Losses/train_all_loss_iou": 0.38031778600784616, "Losses/train_all_loss_class": 5.634736309148102e-05, "Losses/train_all_core_loss": 2.3766062773695777, "Trainer/where": 0.10998470948012233, "Trainer/epoch": 10, "Trainer/steps_train": 7203}
{"Losses/train_all_loss": 2.321447699077268, "Losses/train_val_loss": 0, "Losses/train_all_loss_mask": 0.02022773166976026, "Losses/train_all_loss_dice": 1.5487162399729457, "Losses/train_all_loss_iou": 0.36811897482164774, "Losses/train_all_loss_class": 5.785645608131936e-05, "Losses/train_all_core_loss": 2.321447699077268, "Trainer/where": 0.11998470948012234, "Trainer/epoch": 11, "Trainer/steps_train": 7857}
{"Losses/train_all_loss": 2.2981048490658447, "Losses/train_val_loss": 0, "Losses/train_all_loss_mask": 0.020124409648245172, "Losses/train_all_loss_dice": 1.5337286998008004, "Losses/train_all_loss_iou": 0.3618871401482766, "Losses/train_all_loss_class": 8.329305108033559e-07, "Losses/train_all_core_loss": 2.2981048490658447, "Trainer/where": 0.12998470948012233, "Trainer/epoch": 12, "Trainer/steps_train": 8511}
{"Losses/train_all_loss": 2.2567606466261254, "Losses/train_val_loss": 0, "Losses/train_all_loss_mask": 0.019640383796213873, "Losses/train_all_loss_dice": 1.5081810411692396, "Losses/train_all_loss_iou": 0.35577172250558114, "Losses/train_all_loss_class": 2.2841548474125357e-07, "Losses/train_all_core_loss": 2.2567606466261254, "Trainer/where": 0.13998470948012234, "Trainer/epoch": 13, "Trainer/steps_train": 9165}
{"Losses/train_all_loss": 2.2335045982938295, "Losses/train_val_loss": 0, "Losses/train_all_loss_mask": 0.019506145197476635, "Losses/train_all_loss_dice": 1.4903920899837388, "Losses/train_all_loss_iou": 0.3529825190065104, "Losses/train_all_loss_class": 7.113976429694807e-06, "Losses/train_all_core_loss": 2.2335045982938295, "Trainer/where": 0.14998470948012232, "Trainer/epoch": 14, "Trainer/steps_train": 9819}
{"Losses/train_all_loss": 2.1969591783821034, "Losses/train_val_loss": 0, "Losses/train_all_loss_mask": 0.01917934971676416, "Losses/train_all_loss_dice": 1.4662175105616952, "Losses/train_all_loss_iou": 0.34626839289424616, "Losses/train_all_loss_class": 0.0008863045956075385, "Losses/train_all_core_loss": 2.1969591783821034, "Trainer/where": 0.15998470948012233, "Trainer/epoch": 15, "Trainer/steps_train": 10473}
{"Losses/train_all_loss": 2.1782018795655045, "Losses/train_val_loss": 0, "Losses/train_all_loss_mask": 0.0190530465559789, "Losses/train_all_loss_dice": 1.454635133072506, "Losses/train_all_loss_iou": 0.3415115093783866, "Losses/train_all_loss_class": 0.0009943137184351602, "Losses/train_all_core_loss": 2.1782018795655045, "Trainer/where": 0.16998470948012234, "Trainer/epoch": 16, "Trainer/steps_train": 11127}
{"Losses/train_all_loss": 2.0789833573755505, "Losses/train_val_loss": 0, "Losses/train_all_loss_mask": 0.01529087821756481, "Losses/train_all_loss_dice": 1.3730766981019886, "Losses/train_all_loss_iou": 0.4000890811831215, "Losses/train_all_loss_class": 1.4608985659433414e-08, "Losses/train_all_core_loss": 2.0789833573755505, "Trainer/where": 0.17998470948012232, "Trainer/epoch": 17, "Trainer/steps_train": 11781}
{"Losses/train_all_loss": 1.9942482693479695, "Losses/train_val_loss": 0, "Losses/train_all_loss_mask": 0.014584089028406945, "Losses/train_all_loss_dice": 1.3209582084180382, "Losses/train_all_loss_iou": 0.3812573884787545, "Losses/train_all_loss_class": 0.0003509059406253087, "Losses/train_all_core_loss": 1.9942482693479695, "Trainer/where": 0.18998470948012233, "Trainer/epoch": 18, "Trainer/steps_train": 12435}
{"Losses/train_all_loss": 1.9482372246386443, "Losses/train_val_loss": 0,