{"Trainer/where": 0.009984709480122325, "Trainer/epoch": 0, "Trainer/steps_train": 654}
{"Trainer/where": 0.019984709480122324, "Trainer/epoch": 1, "Trainer/steps_train": 1308}
{"Trainer/where": 0.039984709480122324, "Trainer/epoch": 3, "Trainer/steps_train": 2616}
{"Trainer/where": 0.049984709480122326, "Trainer/epoch": 4, "Trainer/steps_train": 3270}
{"Trainer/where": 0.05998470948012233, "Trainer/epoch": 5, "Trainer/steps_train": 3924}
{"Trainer/where": 0.06998470948012232, "Trainer/epoch": 6, "Trainer/steps_train": 4578}
{"Trainer/where": 0.07998470948012232, "Trainer/epoch": 7, "Trainer/steps_train": 5232}
{"Trainer/where": 0.08998470948012233, "Trainer/epoch": 8, "Trainer/steps_train": 5886}
{"Trainer/where": 0.09998470948012234, "Trainer/epoch": 9, "Trainer/steps_train": 6540}
{"Trainer/where": 0.10998470948012233, "Trainer/epoch": 10, "Trainer/steps_train": 7194}
