{"Losses/train_all_loss": 2.6119610244345592, "Losses/train_val_loss": 0, "Losses/train_all_loss_mask": 0.02062821783131097, "Losses/train_all_loss_dice": 1.6646476965796329, "Losses/train_all_loss_iou": 0.5347485244729833, "Losses/train_all_loss_class": 4.350692638340049e-07, "Losses/train_all_core_loss": 2.6119610244345592, "Trainer/where": 0.009984709480122325, "Trainer/epoch": 0, "Trainer/steps_train": 654}
{"Losses/train_all_loss": 2.230394794306624, "Losses/train_val_loss": 0, "Losses/train_all_loss_mask": 0.017199768938283674, "Losses/train_all_loss_dice": 1.4420865433296297, "Losses/train_all_loss_iou": 0.44431264643822244, "Losses/train_all_loss_class": 2.2110854775645532e-07, "Losses/train_all_core_loss": 2.230394794306624, "Trainer/where": 0.019984709480122324, "Trainer/epoch": 1, "Trainer/steps_train": 1308}
{"Losses/train_all_loss": 2.1406998922336355, "Losses/train_val_loss": 0, "Losses/train_all_loss_mask": 0.01639086153324044, "Losses/train_all_loss_dice": 1.3877425992160761, "Losses/train_all_loss_iou": 0.4251399210651351, "Losses/train_all_loss_class": 1.3664517739949668e-07, "Losses/train_all_core_loss": 2.1406998922336355, "Trainer/where": 0.029984709480122326, "Trainer/epoch": 2, "Trainer/steps_train": 1962}
{"Losses/train_all_loss": 2.057656519639018, "Losses/train_val_loss": 0, "Losses/train_all_loss_mask": 0.015705235226974118, "Losses/train_all_loss_dice": 1.3371828081775514, "Losses/train_all_loss_iou": 0.40636894024840187, "Losses/train_all_loss_class": 8.438849020459113e-08, "Losses/train_all_core_loss": 2.057656519639018, "Trainer/where": 0.039984709480122324, "Trainer/epoch": 3, "Trainer/steps_train": 2616}
{"Losses/train_all_loss": 2.024381222528055, "Losses/train_val_loss": 0, "Losses/train_all_loss_mask": 0.015360879651997068, "Losses/train_all_loss_dice": 1.3173048323082996, "Losses/train_all_loss_iou": 0.3998587581724931, "Losses/train_all_loss_class": 6.833554429353267e-08, "Losses/train_all_core_loss": 2.024381222528055, "Trainer/where": 0.049984709480122326, "Trainer/epoch": 4, "Trainer/steps_train": 3270}
{"Losses/train_all_loss": 1.9717313007477226, "Losses/train_val_loss": 0, "Losses/train_all_loss_mask": 0.014944047547466711, "Losses/train_all_loss_dice": 1.2864595516741457, "Losses/train_all_loss_iou": 0.3863907863331862, "Losses/train_all_loss_class": 4.557953313859899e-08, "Losses/train_all_core_loss": 1.9717313007477226, "Trainer/where": 0.05998470948012233, "Trainer/epoch": 5, "Trainer/steps_train": 3924}
{"Losses/train_all_loss": 1.931084174993206, "Losses/train_val_loss": 0, "Losses/train_all_loss_mask": 0.014648221332055804, "Losses/train_all_loss_dice": 1.2611633927450268, "Losses/train_all_loss_iou": 0.37695635490643503, "Losses/train_all_loss_class": 3.549711719670701e-08, "Losses/train_all_core_loss": 1.931084174993206, "Trainer/where": 0.06998470948012232, "Trainer/epoch": 6, "Trainer/steps_train": 4578}
{"Losses/train_all_loss": 1.921350490244886, "Losses/train_val_loss": 0, "Losses/train_all_loss_mask": 0.014537948773268167, "Losses/train_all_loss_dice": 1.2535895781779507, "Losses/train_all_loss_iou": 0.3770019319990724, "Losses/train_all_loss_class": 3.7516216651785804e-08, "Losses/train_all_core_loss": 1.921350490244886, "Trainer/where": 0.07998470948012232, "Trainer/epoch": 7, "Trainer/steps_train": 5232}
{"Losses/train_all_loss": 1.8936251292534925, "Losses/train_val_loss": 0, "Losses/train_all_loss_mask": 0.014318207190557175, "Losses/train_all_loss_dice": 1.2371568123864107, "Losses/train_all_loss_iou": 0.3701041701281107, "Losses/train_all_loss_class": 2.887229730730199e-08, "Losses/train_all_core_loss": 1.8936251292534925, "Trainer/where": 0.08998470948012233, "Trainer/epoch": 8, "Trainer/steps_train": 5886}
{"Losses/train_all_loss": 1.8981510761680953, "Losses/train_val_loss": 0, "Losses/train_all_loss_mask": 0.01431885539818931, "Losses/train_all_loss_dice": 1.238665999804797, "Losses/train_all_loss_iou": 0.373107966753321, "Losses/train_all_loss_class": 2.887020832116535e-08, "Losses/train_all_core_loss": 1.8981510761680953, "Trainer/where": 0.09998470948012234, "Trainer/epoch": 9, "Trainer/steps_train": 6540}
{"Losses/train_all_loss": 1.8568936331191923, "Losses/train_val_loss": 0, "Losses/train_all_loss_mask": 0.014025652130342313, "Losses/train_all_loss_dice": 1.2145176330290803, "Losses/train_all_loss_iou": 0.36186295264722373, "Losses/train_all_loss_class": 2.5734910334589892e-08, "Losses/train_all_core_loss": 1.8568936331191923, "Trainer/where": 0.10998470948012233, "Trainer/epoch": 10, "Trainer/steps_train": 7194}
{"Losses/train_all_loss": 1.8340256205027985, "Losses/train_val_loss": 0, "Losses/train_all_loss_mask": 0.013822501726072588, "Losses/train_all_loss_dice": 1.2010128235598223, "Losses/train_all_loss_iou": 0.3565627595791394, "Losses/train_all_loss_class": 2.644044471576267e-08, "Losses/train_all_core_loss": 1.8340256205027985, "Trainer/where": 0.11998470948012234, "Trainer/epoch": 11, "Trainer/steps_train": 7848}
